{"cameraMode":{"drawMode":0,"name":"Shaded","section":"Shading Mode"},"sceneLighting":true,"audioPlay":false,"sceneViewState":{"m_AlwaysRefresh":false,"showFog":true,"showSkybox":true,"showFlares":true,"showImageEffects":true,"showParticleSystems":true,"showVisualEffectGraphs":true,"m_FxEnabled":true},"in2DMode":false,"pivot":{"x":-1.320415735244751,"y":-2.6310224533081056,"z":-0.7630243301391602},"rotation":{"x":0.35029643774032595,"y":-0.007024700287729502,"z":0.002627273788675666,"w":0.9366090297698975},"size":9.818060874938965,"orthographic":false}