{"cameraMode":{"drawMode":0,"name":"Shaded","section":"Shading Mode"},"sceneLighting":true,"audioPlay":false,"sceneViewState":{"m_AlwaysRefresh":false,"showFog":true,"showSkybox":true,"showFlares":true,"showImageEffects":true,"showParticleSystems":true,"showVisualEffectGraphs":true,"m_FxEnabled":true},"in2DMode":false,"pivot":{"x":0.7140293717384338,"y":29.142986297607423,"z":-3.5003836154937746},"rotation":{"x":-0.004070206079632044,"y":-0.9909749031066895,"z":0.1303732991218567,"w":-0.03093675896525383},"size":0.943854033946991,"orthographic":false}