{"cameraMode":{"drawMode":0,"name":"Shaded","section":"Shading Mode"},"sceneLighting":false,"audioPlay":false,"sceneViewState":{"m_AlwaysRefresh":false,"showFog":false,"showSkybox":false,"showFlares":false,"showImageEffects":false,"showParticleSystems":false,"showVisualEffectGraphs":true,"m_FxEnabled":true},"in2DMode":false,"pivot":{"x":0.00021946430206298828,"y":0.8700858354568481,"z":0.02059168368577957},"rotation":{"x":0.0050901202484965328,"y":-0.9925523400306702,"z":0.11335917562246323,"w":0.04470512643456459},"size":1.2944949865341187,"orthographic":false}