{"cameraMode":{"drawMode":0,"name":"Shaded","section":"Shading Mode"},"sceneLighting":true,"audioPlay":false,"sceneViewState":{"m_AlwaysRefresh":false,"showFog":true,"showSkybox":true,"showFlares":true,"showImageEffects":true,"showParticleSystems":true,"showVisualEffectGraphs":true,"m_FxEnabled":true},"in2DMode":false,"pivot":{"x":0.0014683008193969727,"y":0.5050194263458252,"z":0.37523794174194338},"rotation":{"x":0.38086551427841189,"y":0.34156134724617007,"z":-0.1538897305727005,"w":0.8453382253646851},"size":1.7916473150253297,"orthographic":false}