{"cameraMode":{"drawMode":0,"name":"Shaded","section":"Shading Mode"},"sceneLighting":false,"audioPlay":false,"sceneViewState":{"m_AlwaysRefresh":false,"showFog":false,"showSkybox":false,"showFlares":false,"showImageEffects":false,"showParticleSystems":false,"showVisualEffectGraphs":true,"m_FxEnabled":true},"in2DMode":false,"pivot":{"x":0.1344163864850998,"y":1.2941932678222657,"z":0.055039308965206149},"rotation":{"x":0.17915378510951997,"y":0.04425167664885521,"z":-0.008064067922532559,"w":0.9827973246574402},"size":0.4123493432998657,"orthographic":false}